date,author,title,source,url,type,language,release_id,gig_id,archive_service
2013-04-19,Григорий Пророков,"Лучшие новые русские группы недели: Shortparis, Teen Themes, Rough Partner и Der Keller",Афиша,https://web.archive.org/web/20130622080147/http://www.afisha.ru/article/newrussians_vol1/,General,Russian,,,Wayback
2013-05-20,Радиф Кашапов,"ФЕСТИВАЛЬ SKIF: фри, ноу, пост и авант",ЗВУКИ.RU,https://www.zvuki.ru/R/P/30514/,Live Review,Russian,,g130516,archive.today
2013-10-07,Анастасия Алексеева,Рецензия на альбом Shortparis «Дочери»,Бинокль,http://binoclespb.ru/post/05-10-2013_shortparis.html,Review,Russian,ab130407,,Wayback
2014-01-22,Анастасия Алексеева,Интервью с Данилой Холодковым и Александром Ионовым,Бинокль,http://binoclespb.ru/post/22-01-2014_molvaiprihod.html,Interview,Russian,,,Wayback
2014-02-28,Анастасия Алексеева,Отчет с концерта группы Shortparis,Бинокль,http://binoclespb.ru/post/27-02-2014_otchet_s_kontserta_gruppy_shortparis.html,Live Review,Russian,,g140222,Wayback
2015-06-05,Диана Смольякова,Петербургские музыканты устроили перформанс в магазине «Продукты 24»,Собака.ru,http://www.sobaka.ru/city/city/37297,Interview,Russian,,g150523,Wayback
2015-07-09,Алла Игнатенко,Дыма много не бывает,MUSECUBE,http://musecube.org/otchet/otchet-music/dyma-mnogo-ne-byvaet/,Live Review,Russian,,g150703,archive.today
2015-07-28,,«Мы себя очень одиноко чувствуем в России и вообще везде»,Новая Земля,https://web.archive.org/web/20190703193949/http://landjournal.ru/shortparis-lonely/,Interview,Russian,,,Wayback
2015-10-02,Игорь Фоломеев,Deathcave: «Прах к праху»,MUSECUBE,http://musecube.org/otchet/otchet-music/deathcave-prah-k-prahu/,Live Review,Russian,,g140926,archive.today
2015-11-09,Евгений Кашпирев,ShortParis. A2 (Санкт-Петербург). 07.11.2015. Фоторепортаж,MUSECUBE,http://musecube.org/photo-all/photo-music/shortparis-a2-sankt-peterburg-07-11-2015-fotoreportazh/,Photo Reportage,Russian,,g151107,archive.is
2015-11-10,Борис Ковалев,Состояние очищения. Британское благородство в клубе А2,MUSECUBE,http://musecube.org/otchet/otchet-music/sostoyanie-ochishheniya-britanskoe-blago/,Live Review,Russian,,g151107,archive.today
2015-12-09,Игорь Фоломеев,"Эпичный поп-авангард, взрывной пост-панк и танцы под электроорган",MUSECUBE,http://musecube.org/otchet/otchet-music/epichnyj-pop-avangard-vzryvnoj-post-pa/,Live Review,Russian,,g151205,archive.today
2015-12-09,Александр Агафонов,SKIF (Sergey Kuryokhin International Festival). Центр Сергея Курехина (Санкт-Петербург). 05.12.2015. Фоторепортаж,MUSECUBE,http://musecube.org/photo-all/photo-music/skif-sergey-kuryokhin-international-festival-tsentr-sergeya-kurehina-sankt/,Photo Reportage,Russian,,g151205,Wayback
2015-12-12,Мария Долгорукова,SKIF XIX,Около,https://okolo.me/2015/12/skif-xix/,Live Review,Russian,,g151205,Wayback
2017-03-10,Елена Карпова,Shortparis. Космонавт (Санкт-Петербург). 09.03.2017. Фоторепортаж,MUSECUBE,http://musecube.org/photo-all/photo-music/shortparis-kosmonavt-sankt-peterburg-09-03-2017-fotor/,Photo Reportage,Russian,,g170309,Wayback
2017-03-14,Яна Квятковская,Shortparis: искусство быть собой,MUSECUBE,http://musecube.org/otchet/otchet-music/shortparis-iskusstvo-byt-soboj/,Live Review,Russian,,g170309,archive.today
2017-04-12,John Robb,The Russians are coming! top 20 bands from a new wave of Russian groups that are set to thrill,Louder Than War,https://louderthanwar.com/the-russians-are-coming-top-20-bands-from-a-new-wave-of-russian-groups-are-set-to-thrill/,General,English,,,archive.today
2017-04-20,Марина Аглиуллина,Shortparis: «Это опасный вопрос»,COLTA,https://www.colta.ru/articles/music_modern/14581-shortparis-eto-opasnyy-vopros,Interview,Russian,,,Wayback
2017-06-26,Ljubov Dzuzhynska,Interview: Shortparis,Âught Magazine,http://aughtmag.com/en/interview-shortparis/,Interview,English,,,archive.today
2017-06-26,Ljubov Dzuzhynska,Интервью: Shortparis,Âught Magazine,http://aughtmag.com/ru/intervyu-shortparis/,Interview,Russian,,,archive.today
2017-07-19,Дима Ромахов,"«Верните власть Медведеву!»: Shortparis о честности, Крыме и внутреннем факе",Афиша,https://daily.afisha.ru/music/6200-vernite-vlast-medvedevu-shortparis-o-chestnosti-kryme-i-vnutrennem-fake/,Interview,Russian,,,Wayback
2017-09-05,Игорь Фоломеев,Alt-J: «Красота в простоте»,MUSECUBE,http://musecube.org/otchet/otchet-music/alt-j-krasota-v-prostote/,Live Review,Russian,,g170831,Wayback
2017-10-17,Maria Remiga,Sight&Sound: Shortparis,CINEMAHOLICS,https://cinemaholics.ru/sight-and-sound-shortparis/,Interview,Russian,,,Wayback
2017-12-29,Марина Аглиуллина,"17 музыкальных альбомов 2017 года, которые достойны внимания",Buro 24/7,https://www.buro247.ru/culture/music/29-dec-2017-best-music-of-2017.html,Review,Russian,ab170315,,Wayback
2018-02-02,John Robb,Shortparis : MENT festival : live review ‘brilliant Russian band combine post industrial with stunning vocals’,Louder Than War,https://louderthanwar.com/shortparis-ment-festival-live-review-brilliant-russian-band-combine-post-industrial-with-stunning-vocals/,Live Review,English,,g180201,Wayback
2018-02-05,John Robb,10 great new bands from MENT festival : live review,Louder Than War,https://louderthanwar.com/10-great-new-bands-from-ment-festival-live-review/,Live Review,English,,g180201,Wayback
2018-02-05,John Robb,Top 10 Russian bands – a spotify playlist,Louder Than War,https://louderthanwar.com/top-10-russian-bands-spotify-playlist/,General,English,,,Wayback
2018-02-13,William Griffith,"LBM Abroad: MENT Festival (Ljubljana, SI 2018)",Live Beijing Music,http://www.livebeijingmusic.com/lbm-abroad-ment-festival-ljubljana-si-2018/,Live Review,English,,g180201,Wayback
2018-02-14,Richard Foster,Things Learned at MENT Festival,The Quietus,https://thequietus.com/articles/24038-things-learned-at-ment-festival-shortparis-mart-avi-glintshake,Live Review,English,,g180201,archive.today
2018-02-14,Steven Kline,Listen to Shortparis’ crazed new album,Gigwise,https://www.gigwise.com/news/3236287/listen-to-shortparis-crazed-new-album,Review,English,ab170315,,archive.today
2018-02-28,Юлия Симонова,Музыкальный перформанс от Shortparis,Около,https://okolo.me/2015/02/muzykalnyj-performans-ot-shortparis/,Live Review,Russian,,g150226,Wayback
2018-03-21,Cai Trefor,Watch: St Petersberg band Shortparis unveil new video ‘Стыд (Shame)’,Gigwise,https://www.gigwise.com/news/3241137/watch--st-petersberg-band-shortparis-unveil-new-video,Music Video Premiere,English,sn180301,,archive.today
2018-03-21,,Петербуржцы Shortparis — самая дикая концертная группа в стране. «Медуза» представляет премьеру их клипа «Стыд»,Meduza,https://meduza.io/shapito/2018/03/21/peterburzhtsy-shortparis-samaya-dikaya-kontsertnaya-gruppa-v-strane-meduza-predstavlyaet-premieru-ih-klipa-styd,Music Video Premiere,Russian,sn180301,,Wayback
2018-03-26,Илья Лапушенко,Группа ShortParis во Владимире: фоторепортаж с самого яркого концерта марта,progorod33.ru,https://progorod33.ru/news/40609,Live Review,Russian,,g180325,Wayback
2018-03-26,John Doran,The Quietus – Reviews – Shortparis,The Quietus,https://thequietus.com/articles/24274-shortparis-easter-album-review,Review,English,ab170315,,archive.today
2018-05-15,Елена Анисимова,Новая музыка: Shortparis – самая ошеломляющая группа Петербурга,Собака.ru,https://www.sobaka.ru/entertainment/music/72964,General,Russian,,,Wayback
2018-05-18,Алиса Мелова,Shortparis: оккультный шок на электрических стульях,Около,https://okolo.me/2018/05/shortparis-okkultnyj-shok-na-elektricheskih-stulyah/,Live Review,Russian,,g180518,Wayback
2018-05-28,Никита Величко,Как Shortparis стала лучшей концертной группой страны,The Village,https://www.the-village.ru/village/weekend/industry/312977-shortparis,Interview,Russian,,,Wayback
2018-06-06,Марина Аглиуллина,7 причин посмотреть фильм «Лето» Кирилла Серебренникова,Buro 24/7,https://www.buro247.ru/culture/cinema/6-jun-2018-why-watch-summer.html,General,Russian,,,Wayback
2018-06-20,"Anastasiia Fedorova, Sasha Mademuaselle",russian punk youth on tour,i-D,https://i-d.vice.com/en_au/article/d3kjba/russian-punk-youth-on-tour,General,English,,,Wayback
2018-07-11,Sean Harper,"Sado Opera, Shortparis, Wet Red And Kirill Richter's Guide To Russia",Ransom Note,https://www.theransomnote.com/music/articles/sado-opera-shortparis-wet-red-and-kirill-richters-guide-to-russia/,Interview,English,,,archive.today
2018-07-16,Robin Oostrom,#4df18: Shortparis is de leukste hipsterband van Siberië,3voor12,https://3voor12.vpro.nl/update~d4dab499-c304-4600-adbb-1e4bcdc32741~4df18-shortparis-is-de-leukste-hipsterband-van-siberi%C3%AB~.html,Live Review,Dutch,,g180715,Wayback
2018-07-18,Jente Lammerts,"Valkhof Festival is een oase van rust in de immense vierdaagse-gekte, met misschien wel de strakste programmering in jaren",The Daily Indie,https://www.thedailyindie.nl/valkhof-festival-is-een-oase-van-rust-in-de-immense-vierdaagse-gekte-met-misschien-wel-de-strakste-programmering-in-jaren/,Live Review,Dutch,,g180715,Wayback
2018-08-09,Matthew Neale,Live Report: OFF Festival 2018,Clash,https://www.clashmusic.com/live/live-report-off-festival-2018,Live Review,English,,g180803,Wayback
2018-08-10,Julian Marszalek,Things Learned At: OFF Festival,The Quietus,https://thequietus.com/articles/25115-things-learned-at-off-festival-lonker-see-shortparis-charlotte-gainsbourg,Live Review,English,,g180803,archive.today
2018-08-21,Sarah Bradbury,Berlin’s Pop-Kultur Resets Our Approach to Pop Culture,Consequence of Sound,https://consequenceofsound.net/2018/08/pop-kultur-2018-festival-review/,Live Review,English,,g180817,
2018-08-23,Charlotte Hayne,Pop-Kultur 2018: Your gig-binge,Gigwise,https://www.gigwise.com/features/3274274/pop-kultur-2018-berlin-live-review-festival,Live Review,English,,g180817,archive.today
2018-08-28,Charlotte Hayne,Shortparis. The boys from Siberia are coming in from the Cold,Gigwise,https://www.gigwise.com/features/3276337/shortparis-the-boys-from-siberia-are-coming-in-from-the-cold,Interview,English,,,archive.today
2018-09-03,Daniel Dylan Wray,Things Learned At: Pop-Kultur Festival,The Quietus,https://thequietus.com/articles/25236-things-learned-at-pop-kultur-berlin-shortparis-boycott-brexit-flohio-karen-gwyer,Live Review,English,,g180817,archive.today
2018-09-17,"Олеся Ротарь, Илья Богатырев",Талантливые негодяи Shortparis: с иронией о самом важном,limon.ee,https://limon.postimees.ee/6406964/talantlivye-negodyai-shortparis-s-ironiey-o-samom-vazhnom,Interview,Russian,,,Wayback
2018-10-01,Richard Foster,Operation Notes From Underground: DiS Does Station Narva 2018,Drowned in Sound,http://drownedinsound.com/in_depth/4152056-operation-notes-from-underground--dis-does-station-narva-2018,Live Review,English,,g180921,archive.today
2018-10-19,Cai Trefor,The island in between: Station Narva festival 2018 reviewed,Gigwise,https://www.gigwise.com/features/3286219/station-narva-festival-2018-reviewed-echo-bunnymen-shortparis,Live Review,English,,g180921,archive.today
2018-11-08,Данило Панімаш,Андеґраунд іде на компроміс: як Shortparis стає частиною поп-культури,СЛУХ,http://slukh.media/texts/shortparis-pop-culture/,General,Ukrainian,,,Wayback
2018-12-13,Andy Hill,Listen: ‘Страшно’ [‘Scary’] by Shortparis,Gigwise,https://www.gigwise.com/news/3302730/listen-scary-shortparis-st-petersberg-new-music-band-album,Review,English,sn181212,,archive.today
2018-12-19,,«Нас называли исламистами и нацистами одновременно». Группа Shortparis захватывает школу: премьера клипа «Страшно»,Meduza,https://meduza.io/shapito/2018/12/19/nas-nazyvali-islamistami-i-natsistami-odnovremenno-gruppa-shortparis-zahvatyvaet-shkolu-premiera-klipa-strashno,Music Video Premiere,Russian,sn181212,,Wayback
2018-12-24,Арина Смирнова,Ритуальные танцы: в Петербурге выступили Shortparis,modernrock.ru,https://modernrock.ru/posts/blog/shortparis-report-spb-2018.html,Live Review,Russian,,g181220,Wayback
2018-12-27,Петр Полещук,SHORTPARIS: Эстетика парадокса,Сторона,http://muzstorona.ru/scene/shortparis-estetika-paradoksa/,General,Russian,,,Wayback
2019-01-02,Александр Горбачев,"Эпоха Земфиры и «Мумий Тролля» закончилась. Теперь все иначе Александр Горбачев подводит итоги года, когда музыка стала в России главным из искусств",Meduza,https://meduza.io/feature/2019/01/02/epoha-zemfiry-i-mumiy-trollya-zakonchilas-teper-vse-inache,General,Russian,,,Wayback
2019-01-07,,WATCH THIS! controversial new video from Shortparis – the post punk death disco Russian band who are breaking big,Louder Than War,https://louderthanwar.com/watch-controversial-new-video-shortparis-post-punk-death-disco-russian-band-breaking-big/,Music Video Premiere,English,sn181212,,Wayback
2019-01-08,Дмитрий Волчек,Тело потемнело как угли. Дионисийские ритуалы группы Shortparis,Радио Свобода,https://www.svoboda.org/a/29691306.html,Interview,Russian,,,Wayback
2019-01-10,Richard Foster,New Weird Russia - Part One: Sampler,The Quietus,https://thequietus.com/articles/25864-new-weird-russia-shortparis-glintshake-review,General,English,,,archive.today
2019-01-10,,"Shortparis, DaKooka и Псой Короленко: три музыкальные сенсации 2018 года",ВашДосуг.RU/VashDosug.RU,https://www.vashdosug.ru/msk/concert/article/2536034/,General,Russian,,,Wayback
2019-02-01,Wojciech Siegień,Shortparis and a strategy of defiance against the Kremlin,New Eastern Europe,http://neweasterneurope.eu/2019/02/01/shortparis-and-a-strategy-of-defiance-against-the-kremlin/,General,English,,,Wayback
2019-02-27,Tomas Andel,No One Knows What It Is That Shortparis Is Resurrecting on Пасха (Easter),Before The Cyborgs,https://beforethecyborgs.com/music/no-one-knows-what-it-is-that-shortparis-is-resurrecting-on-%D0%BF%D0%B0%D1%81%D1%85%D0%B0-easter/,General,English,,,Wayback
2019-03-04,Марина Аглиуллина,9 фактов о Shortparis — одной из самых интересных музыкальных групп России,Elle Russia,https://www.elle.ru/stil-zhizni/music/9-faktov-o-shortparis-odnoi-iz-samyh-interesnyh-muzykalnyh-grupp-rossii-id6814134/,General,Russian,,,Wayback
2019-03-19,Richard Foster,New Weird Russia – #3 St. Petersburg,The Quietus,https://thequietus.com/articles/26174-new-weird-russia-st-petersburg-shortparis,General,English,,,archive.today
2019-03-20,Сергей Минаев Сергей Яковлев,"Shortparis: «Когда группа хочет выступить перед максимальным числом современников, это плохо»",Esquire Russia,https://esquire.ru/hero/90672-shortparis-kogda-gruppa-hochet-vystupit-pered-maksimalnym-chislom-sovremennikov-eto-ploho/,Interview,Russian,,,Wayback
2019-04-03,Павел Борисов,Британия серьезно интересуется русскими инди-группами (но русский Лондон на них пока не ходит),Zima Magazine,https://zimamagazine.com/2019/04/russkie-indie-gruppy/,General,Russian,,,Wayback
2019-04-17,Richard Foster,Brutal Russian Truth: Shortparis Interviewed,The Quietus,https://thequietus.com/articles/26337-shortparis-interview,Interview,English,,,archive.today
2019-04-24,,"Shortparis – die Band, die immer dagegen sein wird",дekoder,https://www.dekoder.org/de/article/shortparis-band-europa-tournee,General,German,,,Wayback
2019-05-04,,Review: Shortparis + xDZVØNx at D.K. Luksus,Excessive Sadness,https://nadmiernysmutek.pl/en/2019/05/04/review-shortparis-xdzvonx-at-d-k-luksus/,Live Review,English,,g190131,Wayback
2019-05-07,Cai Trefor,Liverpool Sound City 2019 Review: The 13 best performances,Gigwise,https://www.gigwise.com/features/3314652/liverpool-sound-city-2019-review-the-13-best-performances,Live Review,English,,g190505,archive.today
2019-05-08,Rhys Delany,"Shortparis: YES (basement), Manchester – live review",Louder Than War,https://louderthanwar.com/shortparis-yes-basement-manchester-live-review/,Live Review,English,,g190507,archive.today
2019-05-09,"Caroline Bodin, Delia Roubtsova",Прямой репортаж с концерта Shortparis в клубе The Moth Club,Horsdoeuvre.fr,http://www.horsdoeuvre.fr/ru/musique/shortparis-at-the-moth-club-live-report,Live Review,Russian,,g190504,Wayback
2019-05-09,Caroline Bodin,Shortparis at The Moth Club: live report,Horsdoeuvre.fr,http://www.horsdoeuvre.fr/musique/shortparis-at-the-moth-club-live-report,Live Review,French,,g190504,Wayback
2019-05-10,"Lisa Wright, James Bentley","Surfbort, Crack Cloud, Pottery and more shine bright on Day One of The Great Escape 2019",DIY,http://diymag.com/2019/05/10/the-great-escape-2019-day-one,Live Review,English,,g190509,archive.today
2019-05-13,,The Great Escape 2019 Review (Thur),The Brighton Source,https://brightonsource.co.uk/reviews/the-great-escape-2019-review-thur/,Live Review,English,,g190509,Wayback
2019-05-14,Борис Барабанов,«Мы хотели остаться в поле искусства и не перейти в поле провокации»,Коммерсантъ,https://www.kommersant.ru/doc/3967504,Interview,Russian,,,Wayback
2019-05-14,Борис Барабанов,Звук на экспорт,Коммерсантъ,https://www.kommersant.ru/doc/3967219,Live Review,Russian,,g190509,Wayback
2019-05-20,Елена Павлова,Их нужно слышать и понимать: 9 фактов о Shortparis,modernrock.ru,https://modernrock.ru/posts/blog/shortparis-facts.html,General,Russian,,,Wayback
2019-05-23,Николай Овчинников,«Страшно» — это саундтрек жизни в России 2019 года»: интервью с группой Shortparis,Афиша,https://daily.afisha.ru/music/11980-strashno-eto-saundtrek-zhizni-v-rossii-2019-goda-intervyu-s-gruppoy-shortparis/,Interview,Russian,,,Wayback
2019-05-25,Nigel Carr,"Shortparis – Manchester, YES – Live Review",Velvet Donkey,https://velvetdonkey.com/shortparis-manchester-yes-live-review/,Live Review,English,,g190507,Wayback
2019-05-25,Мария Агафонова,Группа Shortparis: большой музыкальный перформанс,Портал Субкультура,https://sub-cult.ru/foto/10335-gruppa-shortparis-bolshoj-muzykalnyj-performans,Live Review,Russian,,g190523,Wayback
2019-05-29,Арина Смирнова,Shortparis собрали солдауты в обеих столицах,modernrock.ru,https://modernrock.ru/posts/blog/shortparis-report.html,Live Review,Russian,,g190526,Wayback
2019-05-31,Наталья Малахова,Шокотерапия группы Shortparis: антисаундтрек к жизни в России,Московский комсомолец,https://www.mk.ru/culture/2019/05/31/shokoterapiya-gruppy-shortparis-antisaundtrek-k-zhizni-v-rossii.html,General,Russian,,,Wayback
2019-06-09,Юлия Стомина,Чистилище под куполом цирка: Как Shortparis свели Киев с ума,OREST,http://orest.com.ua/music/cistilise-pod-kupolom-cirka-kak-shortparis-sveli-kiev-s-uma,Live Review,Russian,,g190607,Wayback
2019-06-17,"Яна Милорадовская, Дмитрий Первушин","SHORTPARIS: «На любое ваше замечание мы можем включить режим ""рок-группа""»",Собака.ru,http://www.sobaka.ru/city/music/92347,Interview,Russian,,,Wayback
2019-06-17,Николай Кубрак,"Устрицы, Little Big и довольный Минаев. Почему Esquire Weekend – самый комфортный фестиваль последних лет",Палач,https://click-or-die.ru/2019/06/ustritsy-little-big-i-dovolnyj-minaev-pochemu-esquire-weekend-samyj-komfortnyj-festival-poslednih-let/,Live Review,Russian,,g190615,Wayback
2019-06-25,,С чистого листа: Во Владивостоке завершился фестиваль V-ROX EXPO,PrimaMedia.ru,https://primamedia.ru/news/825714/,Live Review,Russian,,g190623,archive.today
2019-06-30,Антон Долин,Последний учитель,Искусство кино,https://kinoart.ru/issues/46,General,Russian,,,Wayback
2019-07-04,Вадим Власенко,В чем магия группы Shortparis и почему она стала такой модной,Vogue Russia,https://www.vogue.ru/peopleparties/news/v_chem_magiya_gruppy_shortparis_i_pochemu_ona_stala_takoj_modnoj/,General,Russian,,,Wayback
2019-07-10,Daniel Hevier (tr. Beáta Koššová),"Shortparis – Vaše telo prezradí, či klamete a či je vaše umenie úprimné",Musicpress,http://www.musicpress.sk/rozhovory/shortparis-vase-telo-prezradi-ci-klamete-a-ci-je-vase-umenie-uprimne,Interview,Slovak/Russian,,,Wayback
2019-07-12,Alexander Filimonov (tr. Hilah Kohen),The festival on everyone's lips,Meduza,https://meduza.io/en/slides/the-festival-on-everyone-s-lips,Live Review,English,,g190707,Wayback
2019-07-17,Ruben van Dijk,“Rusland is groot”: kennis maken met de New Russian Wave,Front,https://fr-nt.nl/2019/07/17/rusland-is-groot-kennis-maken-met-de-new-russian-wave/,General,Dutch,,,Wayback
2019-07-19,Max Pilley,The 405 meets Shortparis,The 405,https://www.thefourohfive.com/music/article/the-405-meets-shortparis-156,Interview,English,,,archive.today
2019-07-20,Bára Jurašková,Utančit se k smrti. Pohoda 2019,AlterEcho,https://alterecho.muzikus.cz/zive/reporty/utancit-se-k-smrti-na-pohode.html,Live Review,Czech,,g190713,Wayback
2019-08-15,Сергей Гершвин,Почему Земфира отказалась заменить Шевчука,Московский комсомолец,https://www.mk.ru/culture/2019/08/15/pochemu-zemfira-otkazalas-zamenit-shevchuka.html,Live Review,Russian,,g190809,Wayback
2019-08-19,Владимир Кальян,Фестиваль «Лётчик. Дача. Лето». Экоферма «Джао Да!Ча» (Ярославская область). 11.08.2019. Фоторепортаж,MUSECUBE,http://musecube.org/photo-all/photo-music/festival-ljotchik-dacha-leto-jekoferma-dzhao-da-cha-jaroslavskaja-oblast-11-08-2019-fotoreportazh/,Photo Reportage,Russian,,g190811,Wayback
2019-08-20,Борис Барабанов,Стихия легла на музыку,Коммерсантъ,https://www.kommersant.ru/doc/4065788,Live Review,Russian,,g190818,Wayback
2019-08-23,Наталья Малахова,"Рок смешался с рейвом, а пушки — с храмами",Московский комсомолец,https://www.mk.ru/culture/2019/08/23/rok-smeshalsya-sreyvom-apushki-skhramami.html,Live Review,Russian,,g190818,Wayback
2019-08-28,,Группа Shortparis выступила на открытии Gogol School,OK! Magazine Russia,http://www.ok-magazine.ru/news/report/93429-gruppa-shortparis-vystupila-na-otkrytii-gogol-school#section0,Live Review,Russian,,g190825,Wayback
2019-09-10,Ioulia Borealis,The destruction of text and expectations: An interview with Shortparis,Schmutz,https://www.schmutzberlin.com/interview-with-shortparis/,Interview,English,,,Wayback
2019-09-12,Илья Козин,"День, когда музыка родилась вновь: Shortparis в Риге",Rus.Tvnet.lv,https://rus.tvnet.lv/6775973/den-kogda-muzyka-rodilas-vnov-shortparis-v-rige,Live Review,Russian,,g190911,Wayback
2019-09-15,Ramūnas Zilnys,Vilniuje efektingai baigėsi festivalis „Loftas Fest“: publiką iš proto vedė pritrenkiantys rusai,LRT,https://www.lrt.lt/naujienos/muzika/680/1097730/vilniuje-efektingai-baigesi-festivalis-loftas-fest-publika-is-proto-vede-pritrenkiantys-rusai,Live Review,Lithuanian,,g190914,Wayback
2019-09-26,,Nyugaton jobban érezhető a civilizációs burok pora | Shortparis,A38 Blog,https://blog.a38.hu/2019/09/26/nyugaton-jobban-erezheto-a-civilizacios-burok-pora-shortparis/,Interview,Hungarian,,,Wayback
2019-09-30,Cai Trefor,7 things we learned at Lithuania's Loftas Fest 2019,Gigwise,https://www.gigwise.com/features/3361403/7-things-we-learned-at-loftas-festival-review-2019,Live Review,English,,g190914,Wayback
2019-10-01,Jasmina Kljunić,Shortparis nastupili u Močvari,Sound Report,https://www.sound-report.com/koncerti/klub-mocvara-shortparis-2019-09-28,Live Review,Croatian (?),,g190928,Wayback
2019-10-08,Wojciech Siegień,There will be no singing revolution in Russia,Eurozine,https://www.eurozine.com/there-will-be-no-singing-revolution-in-russia/,General,English,,,Wayback
2019-11-01,Алина Малютина,Группа Shortparis — герои ноябрьской обложки «Собака.ru»,Собака.ru,http://www.sobaka.ru/fashion/heroes/98760,General,Russian,,,Wayback
2019-11-01,Richard Foster,Kaltern Pop Festival 2019 – live review,Louder Than War,https://louderthanwar.com/kaltern-pop-2019-live-review/,Live Review,English,,g191026,Wayback
2019-11-01,Николай Овчинников,Shortparis выпустили альбом «Так закалялась сталь». И что с того?,Афиша,https://daily.afisha.ru/music/13391-shortparis-vypustili-albom-tak-zakalyalas-stal-i-chto-s-togo/,Review,Russian,ab191101,,Wayback
2019-11-01,,Премьера: альбом Shortparis «Так закалялась сталь»,Собака.ru,http://www.sobaka.ru/city/music/98800,Review,Russian,ab191101,,Wayback
2019-11-01,,Shortparis и фальсификация критики капитализма,сигма,https://syg.ma/@fieldofpikes/shortparis-i-falsifikatsiia-kritiki-kapitalizma,General,Russian,,,
2019-11-04,Данила Головкин,Рецензия: Shortparis - «Так закалялась сталь»,InterMedia,https://www.intermedia.ru/news/341133,Review,Russian,ab191101,,Wayback
2019-11-05,Артемий Троицкий,Артемий Троицкий о Shortparis: «Это самая сильная русская рок-группа всех времен»,Собака.ru,http://www.sobaka.ru/city/music/98942,General,Russian,,,Wayback
2019-11-05,Олег Крохалев,"10 музыкальных новинок, которые стоит послушать в ноябре 2019",ВашДосуг.RU/VashDosug.RU,https://www.vashdosug.ru/msk/concert/article/2568829/,Review,Russian,ab191101,,Wayback
2019-11-06,Борис Барабанов,"От постмодерна до Петербурга: 10 вещей, которые не любят Shortparis",Собака.ru,http://www.sobaka.ru/city/music/99045,General,Russian,,,Wayback
2019-11-07,Яна Милорадовская,Как «Собака.ru» снимала группу Shortparis для двух обложек: журнала и их альбома «Так закалялась сталь»,Собака.ru,http://www.sobaka.ru/city/music/98790,General,Russian,,,Wayback
2019-11-07,Николай Кубрак,"Почему Shortparis не музыкальная группа, а арт-проект",Собака.ru,http://www.sobaka.ru/city/music/99123,General,Russian,,,Wayback
2019-11-07,Александр Горбачев,Добрые люди не понимают: Как Shortparis озвучивают Россию 2019 года,The Village,https://www.the-village.ru/village/weekend/musika/366499-shortparis,Review,Russian,ab191101,,Wayback
2019-11-07,Richard Foster,The Quietus – Reviews – Shortparis,The Quietus,https://thequietus.com/articles/27392-shortparis-tak-zakalyalas-stal-thus-the-steel-was-tempered-review,Review,English,ab191101,,archive.today
2019-11-08,Сергей Мезенов,Что слушать в ноябре,COLTA,https://www.colta.ru/articles/music_modern/22699-daydzhest-chto-slushat-v-noyabre,Review,Russian,ab191101,,Wayback
2019-11-11,,Dit waren de 25 beste shows van Le Guess Who? 2019,3voor12,https://3voor12.vpro.nl/artikelen/overzicht/2019/Le-Guess-Who/Le-Guess-Who-2019-top-25.html,Live Review,Dutch,,g191109,Wayback
2019-11-13,Олег Соболев,Отвечай за слова,Lenta.ru,https://lenta.ru/articles/2019/11/13/shortparis/,Review,Russian,ab191101,,Wayback
2019-11-15,Катя Загвоздкина,Jager Music Awards объявила победителей. Триумфаторы церемонии — Shortparis,Афиша,https://daily.afisha.ru/news/32119-jager-music-awards-obyavila-pobediteley-triumfatory-ceremonii-shortparis/,General,Russian,,,Wayback
2019-11-17,Андрей Переславцев,«Потому и страшно». Как Shortparis провели в Петербурге первый стадионный концерт,Фонтанка.ру,https://calendar.fontanka.ru/articles/8924/,Live Review,Russian,,g191116,Wayback
2019-11-18,Никита Величко,Shortparis в «Юбилейном». Как это было,Time Out,http://www.timeout.ru/msk/feature/490503,Live Review,Russian,,g191121,Wayback
2019-11-20,,Почему не страшно: квир-зазеркалье Shortparis,O-zine,https://o-zine.ru/shortparis/,General,Russian,,,Wayback
2019-11-21,Дмитрий Толстошеев,"Фотоотчет концерта Shortparis в Москве, Adrenaline Stadium , 21 ноября 2019",Radar Magazine,http://radarmag.ru/fotootchety/fotootchet-kontserta-shortparis-v-moskve-adrenaline-stadium-21-noyabrya-2019/,Photo Reportage,Russian,,g191121,Wayback
2019-11-22,Анастасия Бойе,"Страшно, стыдно, поломало: как прошел в Москве концерт Shortparis",Ридус,https://www.ridus.ru/news/313485,Live Review,Russian,,g191121,Wayback
2019-11-23,Natalia Blokhina,Лучшая концертная группа страны: в Москве состоялся концерт SHORTPARIS,Рок Волна,https://onrockwave.com/report/foto/luchshaya-kontsertnaya-gruppa-strany-v-moskve-sostoyalsya-kontsert-shortparis,Photo Reportage,Russian,,g191121,Wayback
2019-11-25,Людмила Котлярова,От Корчагина до Комягина: концерты Shortparis прошли в Петербурге и Москве,ВашДосуг.RU/VashDosug.RU,https://www.vashdosug.ru/msk/concert/article/2569176/,General,Russian,,,Wayback
2019-11-27,Анна Муравьева,Pussy Riot и Shortparis: что общего и в чем различия,Ридус,https://www.ridus.ru/news/313678,Live Review,Russian,,g191121,Wayback
2019-11-28,Olya Atari,Shortparis. Adrenaline Stadium. 21.11.2019. Фоторепортаж,MUSECUBE,http://musecube.org/photo-all/photo-music/shortparis-adrenaline-stadium-21-11-2019-fotoreportazh/,Photo Reportage,Russian,,g191121,Wayback
2019-11-29,Борис Барабанов,15 альбомов ноября,Коммерсантъ,https://www.kommersant.ru/doc/4165589,Review,Russian,ab191101,,Wayback
2019-11-29,Евгения Троицкая,Код «Красный»,MUSECUBE,https://musecube.org/otchet/otchet-music/kod-krasnyj/,Live Review,Russian,,g191121,Wayback
2019-12-01,Lelo Jimmy Batista,"Shortparis, bons biaisés de Russie",Libération.fr,https://next.liberation.fr/musique/2019/12/01/shortparis-bons-biaises-de-russie_1766651,General,French,,,Wayback
2019-12-02,Richard Foster,LIVE REPORT: Le Guess Who? 2019,The Quietus,https://thequietus.com/articles/27534-kevin-martin-coil-body-vice-le-guess-who-live,Live Review,English,,g191109,archive.today
2019-12-06,Савва Савельев,Встать! Хоровод идет! Кинематографичные песни и спектакли группы Shortparis,snob.ru,https://snob.ru/entry/185990/,Interview,Russian,,,Wayback
2019-12-06,Алена Мошкова,Катарсис на концерте Shortparis в Adrenaline Stadium,EATMUSIC,https://eatmusic.ru/koncert-gruppy-shortparis-v-adrenaline-stadium-2019-reportazh-foto/,Live Review,Russian,,g191121,Wayback
2019-12-10,Julien Bordier,Trans Musicales de Rennes 2019: Le grand souk!,l'express,https://www.lexpress.fr/culture/musique/trans-musicales-de-rennes-2019-le-grand-souk_2110379.html,Live Review,French,,g191206,Wayback
2019-12-11,Samuel Degasne,Trans Musicales 2019 : pas de grève pour le rock !,Rolling Stone France,https://www.rollingstone.fr/trans-musicales-2019-report/,Live Review,French,,g191206,Wayback
2019-12-15,,41ème Rencontres Trans Musicales de Rennes,Froggy's Delight,https://www.froggydelight.com/article-22998-_41eme_Rencontres_Trans_Musicales_de_Rennes_Le.html,Live Review,French,,g191206,Wayback
2019-12-18,,Quietus Albums Of The Year 2019 (In Association With Norman Records),The Quietus,https://thequietus.com/articles/27504-quietus-albums-of-the-year-2019-norman-records,Review,English,ab191101,,
2019-12-18,,Best New Band: Shortparis,The Moscow Times,https://www.themoscowtimes.com/2019/12/18/best-new-band-shortparis-a68593,General,English,,,Wayback
2019-12-24,"Елизавета Кирпанова, Лилит Саркисян",«Со всех сторон торчат иглы и копья»,Новая газета,https://novayagazeta.ru/articles/2019/12/24/83284-so-vseh-storon-torchat-igly-i-kopya,Interview,Russian,,,Wayback
2019-12-25,Анна Карахан,20 главных приключений русской музыки за рубежом за 20 лет,Buro 24/7,https://www.buro247.ru/culture/music/25-dec-2019-russian-music-travels-abroad.html,General,Russian,,,Wayback
2019-12-28,Дарья Смирнова,"Billie Eilish, Shortparis, Белорусских и другие: «Фонтанка» выбрала музыкальных звезд YouTube",Фонтанка.ру,https://calendar.fontanka.ru/articles/9033/,General,Russian,,,Wayback
2019-12-30,,"Finish the year off right: A hand-selected list of 2019’s best Russian movies, music, and TV",Meduza,https://meduza.io/en/slides/finish-the-year-off-right,General,English,,,Wayback
2019-12-30,,Что нельзя было пропустить в 2019 году,Meduza,https://meduza.io/slides/chto-nelzya-bylo-propustit-v-2019-godu,General,Russian,,,Wayback
2019-12-31,Борис Барабанов,Слушая 2019-й,Коммерсантъ,https://www.kommersant.ru/doc/4206505,General,Russian,,,Wayback
2019-12-31,Ксения Ильина,Песни страха и бесстрашния: Пришествие Shortparis,Искусство кино,https://kinoart.ru/issues/50,General,Russian,,,Wayback
2020-01-16,Beata Arnold,"Glatze, Turnhalle, Kalaschnikow - Kopfkino Made in Sankt Petersburg: Die Band Shortparis",Sputnik,https://de.sputniknews.com/kultur/20200116326341767-shortparis-russische-band/,General,German,,,Wayback
2020-01-28,Ricardo Jupijn,Shortparis opent tijdens Peel Slowly And See de deuren van zijn avantgardistische popwereld (22 februari),The Daily Indie,https://www.thedailyindie.nl/shortparis-opent-tijdens-peel-slowly-and-see-de-deuren-van-zijn-avantgardistische-popwereld-22-februari/,General,Dutch,,,Wayback
2020-02-04,Robbie van Zoggel,"Shortparis: klaar voor de wereld, de schaamte voorbij",Front,https://fr-nt.nl/2020/02/04/shortparis-klaar-voor-de-wereld-de-schaamte-voorbij/,Interview,Dutch,,,Wayback
2020-02-08,Sjoerd Aarden,Een overrompelend Grauzone blijft in het geheugen gegrift staan,The Daily Indie,https://www.thedailyindie.nl/een-overrompelend-grauzone-blijft-in-het-geheugen-gegrift-staan/,Live Review,Dutch,,g200207,Wayback
2020-02-09,"Susanne van Hooft, Bente van der Zalm",Uit de muzikale comfortzone met eigenzinnige Grauzone Festival,CHAOS Music Magazine,https://www.chaosmusicmagazine.nl/2020/02/09/grauzone-festival/,Live Review,Dutch,,g200207,Wayback
2020-02-13,Caroline Bodin,La révolution Shortparis : Interview,Hors d'Oeuvre,http://www.horsdoeuvre.fr/musique/interview-shortparis-revolution,Interview,French,,,Wayback
2020-02-13,"Caroline Bodin, Delia Roubtsova",Революция Shortparis: интервью,Hors d'Oeuvre,http://www.horsdoeuvre.fr/ru/musique/interview-shortparis-revolution,Interview,Russian,,,Wayback
2020-02-23,Thierry Lemmers,Peel Slowly And See 2020,3voor12,https://3voor12.vpro.nl/lokaal/leiden/artikelen/overzicht/2020/februari/Peel-Slowly-and-See-2020.html,Live Review,Dutch,,g200222,Wayback
2020-02-24,Richard Foster,Peel Slowly And See Festival 2020 Review – Featuring Shortparis,Louder Than War,https://louderthanwar.com/peel-slowly-and-see-2020-festival-review-feat-shortparis/,Live Review,English,,g200222,Wayback
2020-02-24,Arlette Hovinga,Peel Slowly And See biedt heerlijk veelzijdig menu voor muzikale veelvraat,The Daily Indie,https://www.thedailyindie.nl/peel-slowly-and-see-biedt-heerlijk-veelzijdig-menu-voor-muzikale-veelvraat/,Live Review,Dutch,,g200222,Wayback
2020-03-22,Артем Рондарев,На каждого из нас легион ментов: Как менялся образ полицейского в российской музыке — от БГ и Летова до Shortparis и «Кровостока»,Meduza,https://meduza.io/feature/2020/03/22/na-kazhdogo-iz-nas-legion-mentov,General,Russian,,,Wayback
2020-04-21,Anastasiia Fedorova,Meet the artists driving Russia’s new wave of queer music,i-D,https://i-d.vice.com/en_uk/article/epgeyn/lgbtq-russia-queer-new-wave-music,General,English,,,Wayback
2020-05-19,Andy Hill,Violence Is One Way To Wake Up An Audience Shortparis Interviewed,Clash,https://www.clashmusic.com/features/violence-is-one-way-to-wake-up-an-audience-shortparis-interviewed,Interview,English,,,Wayback
2020-06-15,Мира Хараз,"Мира Хараз // Островский, Летов, Комягин: «Так закалялась сталь»?",Формаслов,https://formasloff.ru/2020/06/15/mira-haraz-ostrovskij-letov-komyagin-tak-zakalyalas-stal/,Review,Russian,ab191101,,Wayback
2020-06-16,Marco Biasoli,Why Russia’s indie musicians don’t sing in English anymore,The Conversation,https://theconversation.com/why-russias-indie-musicians-dont-sing-in-english-anymore-139608,General,English,,,Wayback
2020-08-25,Марта Стрелецкая,Женщины короткого Парижа,сигма,https://syg.ma/@marta-strielietskaia/zhienshchiny-korotkogho-parizha,General,Russian,,,Wayback
2020-09-11,Cai Trefor,LISTEN! Shortparis new single : Russian band in bass heavy post punk groove brilliance,Louder Than War,https://louderthanwar.com/listen-shortparis-new-single-russian-band-in-bass-heavy-post-punk-groove-brilliance/,Review,English,sn200910,,Wayback
2020-09-13,Александр Филимонов,"Gorillaz, Shortparis, ЛСП и Жанна Агузарова: «Медуза» выбрала 10 лучших песен и клипов недели",Meduza,https://meduza.io/slides/gorillaz-shortparis-lsp-i-zhanna-aguzarova,Review,Russian,sn200910,,Wayback
2020-09-16,Patrick Clarke,"Shortparis Share New Single, 'Structures Don't Take To The Streets'",The Quietus,https://thequietus.com/articles/28935-shortparis-cluckcluckcluck-structures-don-t-take-to-the-streets,Review,English,sn200910,,archive.today
2020-09-17,Louis-Philippe Labrèche,KoKoKo (Structures don’t take the streets),Le Canal Auditif,https://lecanalauditif.ca/chansons/shortparis-kokoko-structures-dont-take-the-streets/,Review,French,sn200910,,Wayback
2020-09-17,,"«Стремясь всем показать, в чем сила, трава сама себя косила»: Shortparis устраивают петушиные бои в курятнике и висят на крюках в разделочном цехе. Премьера клипа «КоКоКо» на «Медузе»",Meduza,https://meduza.io/shapito/2020/09/17/stremyas-vsem-pokazat-v-chem-sila-trava-sama-sebya-kosila,Music Video Premiere,Russian,sn200910,,Wayback
2020-09-18,Denis Efanov,"Постструктурализм, мясокомбинат и петушиные бои: новый клип Shortparis.",UHO,https://vk.com/@uho_fm-kokoko,Review,Russian,sn200910,,Wayback
2021-02-01,Julija Kalvelytė,Shortparis - Hard to grasp,Metal Magazine,https://metalmagazine.eu/bi/post/interview/shortparis,Interview,English,,,Wayback
2021-02-14,Юлия Субботина,Петербургская группа Shortparis устроила перформанс в Ельцин Центре,It's My City,https://itsmycity.ru/2021-02-14/peterburgskaya-gruppa-shortparis-ustroila-performans-velcin-centr,Live Review,Russian,,g210213,Wayback
2021-02-14,"Антон Лебедев, Дмитрий Емельянов",Выступали одновременно на трех этажах «Ельцин Центра»! Показываем концерт Shortparis в Екатеринбурге,Е1.РУ Екатеринбург Онлайн,https://www.e1.ru/news/spool/news_id-69766064.html,Photo Reportage,Russian,,g210213,Wayback
2021-02-22,Юлия Забайлович,"«Есть что сказать одному проценту населения Земли»: Shortparis — о клише в концертах, соцсетях и подтексте своих клипов",Е1.РУ Екатеринбург Онлайн,https://www.e1.ru/news/spool/news_id-69770300.html,Interview,Russian,,,Wayback
2021-02-25,,Буги на костях в стране без памяти «Эта ночь непоправима» — песня Shortparis на стихи Осипа Мандельштама. Премьера клипа на «Медузе»,Meduza,https://meduza.io/shapito/2021/02/25/bugi-na-kostyah-v-strane-bez-pamyati,Music Video Premiere,Russian,sn210114,,Wayback
2021-04-20,Dinu Guțu,Trupa asta anti-homofobi din Rusia e cel mai bun lucru pe care-l vei asculta astăzi,Vice Romania,https://www.vice.com/ro/article/jg8xd3/trupa-anti-homofobi-din-rusia-shortparis,Interview,Romanian,,,Wayback
2021-04-21,"Юлия Лебедева, Елена Латыпова",Демонические пляски под восторженные крики: как прошел концерт Shortparis в Омске,NGS55.RU,https://ngs55.ru/text/culture/2021/04/21/69877505/,Photo Reportage,Russian,,g201015,Wayback
2021-05-01,,"«Нам задолжали в этой стране» Москва говорит, револьверы стреляют, Shortparis танцуют. Премьера видео группы на «Медузе»",Meduza,https://meduza.io/feature/2021/05/01/nam-zadolzhali-v-etoy-strane,Music Video Premiere,Russian,sn210429,,Wayback
2021-05-01,Александр Кузнецов,Мрачный андерграунд и эпатаж: в Уфе состоялся концерт Shortparis,UTV.RU,https://utv.ru/material/shortparis-v-ufe/,Photo Reportage,Russian,,g201023,Wayback
2021-05-09,Artur Weigandt,Gegen den Kult des Soldatentums,Frankfurter Allgemeine,https://www.faz.net/aktuell/feuilleton/pop/shortparis-kritisieren-mit-goworit-moskwa-die-militaerparade-17331406.html,Review,German,sn210429,,Wayback
2021-05-20,Мария Скорина,Shortparis. Adrenaline Stadium. 15.05.2021. Фоторепортаж,MUSECUBE,https://musecube.org/photo-all/photo-music/shortparis-adrenaline-stadium-15-05-2021-fotoreportazh/,Photo Reportage,Russian,,g210515,Wayback
2021-05-21,Азалия Фаттахова,"Shortparis: говори, Москва",MUSECUBE,https://musecube.org/otchet/otchet-music/shortparis-govori-moskva/,Live Review,Russian,,g210515,Wayback
2021-06-03,Алексей Пирязев,Shortparis в Туле – магия тьмы и крика,MySLO,https://myslo.ru/city/tusovki/sob/shortparis-v-tule-magiya-t-my-i-krika/,Photo Reportage,Russian,,g210602,Wayback
2021-06-03,Алексей Тилли,"Разнородная Самара: SHORTPARIS о духе русской провинции, городе на Волге и самоидентификации",Собака.ru,https://www.sobaka.ru/smr/entertainment/art/129619,Interview,Russian,,,Wayback
2021-06-25,Артем Макарский,Сад чужой: новый альбом Shortparis как музыка богатых,Афиша,https://daily.afisha.ru/music/20126-sad-chuzhoy-novyy-albom-shortparis-kak-muzyka-bogatyh/,Review,Russian,ab210625,,Wayback
2021-06-25,Паша Яблонский,"Tyler, the Creator, Shortparis и Modest Mouse, а также пара фильмов и книг на выходные: Что слушать, читать и смотреть прямо сейчас",The Village,https://www.the-village.ru/weekend/home-alone/vyhi-25june,Review,Russian,ab210625,,Wayback
2021-06-25,Дарья Гладких,Апофеоз не только войны: каким получился новый альбом Shortparis «Яблонный Сад»?,Собака.ru,https://www.sobaka.ru/entertainment/music/130694,Review,Russian,ab210625,,Wayback
2021-06-26,Ян Шенкман,«Нам задолжали в этой стране»: Новый альбом Shortparis: тоталитарная истерика в каждой ноте,Новая газета,https://novayagazeta.ru/articles/2021/06/26/nam-zadolzhali-v-etoi-strane,Review,Russian,ab210625,,Wayback
2021-06-28,Александр Филимонов,"Shortparis, Тайлер, Эд Ширан, певица ooes и рэпер Blizkey: «Медуза» выбрала 10 лучших песен и клипов недели",Meduza,https://meduza.io/slides/shortparis-tayler-ed-shiran-pevitsa-ooes-i-reper-blizkey,Review,Russian,ab210625,,
2021-06-29,Иван Нечаев,Между Достоевским и психиатрической клиникой: каким получился альбом Shortparis,РБК Стиль,https://style.rbc.ru/impressions/60d9fb4c9a79472bb4208e08,Review,Russian,ab210625,,
2021-07-01,Сергей Мезенов,"Непокой, неволя",COLTA,https://www.colta.ru/articles/music_modern/27697-sergey-mezenov-albom-yablonnyy-sad-gruppa-shortparis-istoriya,Review,Russian,ab210625,,
,Ляна Мицько,Лонгрід про концерт року. Shortparis у спортивному залі Лісова Пісня,Лінія Втечі,https://www.liniyavtechi.com/news/foto-z-kontsertu-shortparis-u-sportyvnomu-zali-lisova-pisnia/,Live Review,Ukrainian,,g180527,Wayback
,,Барто: «Срань Господня!»,Модный Петербург,https://web.archive.org/web/20121028125829/http://modny.spb.ru:80/barto-single.html,Live Review,Russian,,g120922,Wayback
2017-04-13,Сергей Мезенов,Дайджест нашей музыки: март,COLTA,https://www.colta.ru/articles/music_modern/14494-daydzhest-nashey-muzyki-mart?part=1,Review,Russian,ab170315,,
2021-06-30,Данила Головкин,Рецензия: Shortparis - «Яблонный сад»,InterMedia,https://www.intermedia.ru/news/359747,Review,Russian,ab210625,,
2021-06-30,Денис Рубин,"Новые музыкальные альбомы июня: Shortparis, возвращение Garbage и жесткий рэп от Tyler, The Creator",Фонтанка.ру,https://www.fontanka.ru/2021/06/30/69999278/,Review,Russian,ab210625,,
2016-05-14,Андрей Сергеев,Аффинаж и все-все-все,FreeNews-Volga,https://fn-volga.ru/news/view/id/104873,Live Review,Russian,,g160426,