gig_id,date,venue,venue_mbid,city,country,festival,event_mbid,status,notes
g110916,2011-09-16,Bar SummeR,,Saint-Petersburg,Russia,,,,
g120310,2012-03-10,Line Bar,88dcd2e0-b7ac-43bd-b306-342d23843636,Saint-Petersburg,Russia,,d141ebda-6b9a-4f69-b41d-d08cf1d40a5d,,
g120421,2012-04-21,Stirka,,Saint-Petersburg,Russia,,,,
g120615,2012-05-15,Stirka,,Saint-Petersburg,Russia,,,,
g120603,2012-06-03,Hello Hostel,,Saint-Petersburg,Russia,,,,
g120629,2012-06-29,Pianobar NikO,,Saint-Petersburg,Russia,,,,
g120720,2012-07-20,Banka Soundbar,58940f50-1335-448f-9c47-60649d5efe57,Saint-Petersburg,Russia,,47aee3ee-0a3c-46cb-9c28-44a27923f5d2,,
g120922,2012-09-22,Dusche,914dfefa-7e4d-4715-bf6b-dd11ea8ff92b,Saint-Petersburg,Russia,,614497f1-2a8f-409f-8699-00f2e1673bef,,
g121031,2012-10-31,Dusche,914dfefa-7e4d-4715-bf6b-dd11ea8ff92b,Saint-Petersburg,Russia,,140c3cf5-eb08-437d-abae-6c167c48f840,,
g121209,2012-12-09,da:da:,3fb384b9-84c5-4e4f-9f60-67646cb90504,Saint-Petersburg,Russia,,0c632522-d295-4e3f-9042-47959016dfc6,,
g130126,2013-01-26,8paces,a91d10ef-b1be-42f3-a03d-cc7ea5dd8dc4,Saint-Petersburg,Russia,,3447ddcc-d929-474a-987f-5db7acfafacb,,
g130407,2013-04-07,Griboedov Club,e8f34934-d37e-47ef-863d-4d54c3e7b1df,Saint-Petersburg,Russia,,32e440c6-4115-4847-91f2-083ed208445c,,
g130516,2013-05-18,Sergey Kuryokhin Center for Modern Art,72eb1cee-6f16-42ce-adc1-8ac515452a2f,Saint-Petersburg,Russia,SKIF 17,45d69774-9475-4db5-ba31-f9e199ad0e18,,
g130608,2013-06-08,Fish Fabrique Nouvelle,29676438-b60f-4990-b747-ac98488b2d1e,Saint-Petersburg,Russia,,7dda62a3-7609-4c54-b1e4-24a2f8e79a02,,
g130725,2013-07-25,16 Tons,7e9afe9d-e59c-49d5-a09e-d1b20eff892d,Moscow,Russia,,868cd3ef-9c37-4a18-a611-fc5ee9f42493,,
g131012,2013-10-12,8paces,a91d10ef-b1be-42f3-a03d-cc7ea5dd8dc4,Saint-Petersburg,Russia,,540341e6-4a2f-4afd-8902-a3deaa67bb02,,
g131215,2013-12-15,da:da:,3fb384b9-84c5-4e4f-9f60-67646cb90504,Saint-Petersburg,Russia,,70ea1455-7cc9-472f-8645-f5072dc131a0,,
g140124,2014-01-24,da:da:,3fb384b9-84c5-4e4f-9f60-67646cb90504,Saint-Petersburg,Russia,Ionosfear 2,01f16f1b-999f-4ceb-aeea-0ae415262664,,
g140222,2014-02-22,Fish Fabrique Nouvelle,29676438-b60f-4990-b747-ac98488b2d1e,Saint-Petersburg,Russia,,1208fca1-e83a-4332-b6b8-def8d3a1ee47,,
g140307,2014-03-07,da:da:,3fb384b9-84c5-4e4f-9f60-67646cb90504,Saint-Petersburg,Russia,,e2e08209-e40e-4c3f-9888-e4c75bd81370,,
g140404,2014-04-04,Mona Club,4b451b67-3347-41d9-8da7-6de028c4f5d3,Moscow,Russia,,06b7cc9e-bb9a-4be1-b381-1d69ea5816a2,,
g140620,2014-06-20,Ypsilon,c67478aa-16e0-4b3b-a3a8-fda60e87a708,Moscow,Russia,,ad457e3e-590f-463c-b677-835db6a32a80,,
g140719,2014-07-19,More Artplace,149360e9-25c1-4f1e-9626-0cbeeb13f375,Saint-Petersburg,Russia,,44c33995-26eb-4016-9f1f-8d7983cfc082,,
g140816,2014-08-16,China-Town-Café,70a069e9-5e66-4b96-a987-5dd64fd94939,Moscow,Russia,Ionosfear 9,9e386a48-e71e-4132-9fdb-2660a1f9a2cf,,
g140828,2014-08-28,Zoccolo 2.0,8e37478b-1cc2-48e8-8449-9233411b0fbf,Saint-Petersburg,Russia,,616d98cc-bdc5-491f-864b-acc9c4bf313f,,
g140905,2014-09-05,da:da:,3fb384b9-84c5-4e4f-9f60-67646cb90504,Saint-Petersburg,Russia,Showcase Modnyj Petersburg,10528454-a2e9-491d-b99f-eac7b516c86e,,
g140926,2014-09-26,da:da:,3fb384b9-84c5-4e4f-9f60-67646cb90504,Saint-Petersburg,Russia,Deathcave St. Petersburg 2014,8fcbf8ab-a759-43e8-913b-0d570cd80e51,,
g140927,2014-09-27,Grand Bourbon Street,5a606869-3f97-4141-a47f-0128022b2045,Moscow,Russia,Deathcave Moscow 2014,fdd7d86f-e35a-4654-adbc-e2d454088278,,
g141024,2014-10-24,Zoccolo 2.0,8e37478b-1cc2-48e8-8449-9233411b0fbf,Saint-Petersburg,Russia,,07608586-8035-4af3-bbf8-86891345ca08,,
g141107,2014-11-07,VinyllaSky,a1ba11e5-9bb5-4899-90df-d8fdce545efd,Saint-Petersburg,Russia,,07ec0264-4270-48d9-be53-9e930c8b3d06,,
g141130,2014-11-30,Fish Fabrique Nouvelle,29676438-b60f-4990-b747-ac98488b2d1e,Saint-Petersburg,Russia,,f297308a-b78c-409d-b7ac-8994c62ed9bb,,
g150226,2015-02-26,Zal Ozhidaniya,341e59cd-2206-4834-81ee-58224ed6063d,Saint-Petersburg,Russia,,12131277-9720-4f7d-962b-89f74a8db2ca,,
g150327,2015-03-27,Backstage,daa533a0-a004-40ce-bd57-1301a29db0b5,Saint-Petersburg,Russia,Ionosfear No 17,bf6efc48-fc60-40ee-89f3-55d9b2930393,,
g150430,2015-04-30,Zal Ozhidaniya,341e59cd-2206-4834-81ee-58224ed6063d,Saint-Petersburg,Russia,Walpurgis Night 2015,c51b50b2-6d6a-474e-ac30-fb0b0649c977,,
g150523,2015-05-23,Продукты 24 (Convenience store),,Saint-Petersburg,Russia,,,,
g150529,2015-05-29,China-Town-Café,70a069e9-5e66-4b96-a987-5dd64fd94939,Moscow,Russia,Ionosfear 20,9846aec7-816b-457f-b3a2-4db2d01a02a2,,
g150530,2015-05-30,SKLAD club,7f6ff96e-83f9-405b-9621-d47687c79359,Nizhniy Novgorod,Russia,wave tronic,c28307d3-da4f-419b-831a-4d7147d9e963,,
g150703,2015-07-03,Lennauchfilm Studio,,Saint-Petersburg,Russia,,,,
g150912,2015-09-12,Smena,2d56b9c9-08d3-4704-a437-f74d816eb68d,Moscow,Russia,Moscow Music Week 2015,1b6fb04c-5086-494d-abbb-006feaaae35f,,
g150919,2015-09-19,Street Art Museum,2dd1c369-5e06-4f20-a49e-b01871abb8cf,Saint-Petersburg,Russia,,,,
g151016,2015-10-16,Jazzter,59a4236a-8afe-4db7-a511-777d6ce0993e,Kharkiv,Ukraine,,8edbe261-867e-4a6f-8a22-2f74b156fe6a,,
g151018,2015-10-18,Cadillac Art Club,e2b57bd9-4b6f-4b5f-beed-193cfb5eaaa9,Kiev,Ukraine,,2dc42e81-a60e-4635-aeb5-e8b60a0c7f12,,
g151020,2015-10-20,34,74ceea05-d251-412c-8ffa-fa049c753ce3,Chernivtsi,Ukraine,,6f688d1e-fbcc-4aaa-bb51-8ca9ecd45a2a,,
g151022,2015-10-22,More Music Club,a4c00632-9537-42a8-87cc-a8c0638288f2,Odessa,Ukraine,,d0777f70-76d0-4aa3-9398-ccc9602e9ab5,,
g151023,2015-10-23,Drunk Patrick,d2a07538-f8dc-4735-9092-d637d6b6167e,Mykolayiv,Ukraine,,b55fe25a-6595-4b55-ba66-fe52127ac2f7,,
g151024,2015-10-24,"Monotheatre ""Kut""",bd014ec2-0f84-44f0-a1cd-e41480487f09,Khmelnytskyi,Ukraine,Cow Art Fst,366f26e8-afb2-421a-9b23-15ee9123aaa3,,
g151030,2015-10-30,Zal Ozhidaniya,341e59cd-2206-4834-81ee-58224ed6063d,Saint-Petersburg,Russia,Ionosfera Halloween,db482bb8-5fe9-445e-baf2-881aa98ba733,,
g151107,2015-11-07,A2,fd52cd06-8711-4816-be8a-5f0bfdf29278,Saint-Petersburg,Russia,,09f77eed-28cf-4558-a70f-f6d9887d1368,,
g151121,2015-11-21,Mod,5ab453ed-3047-4229-bc85-c60142d6998c,Saint-Petersburg,Russia,BASTARD BOOGIE TUNES SHOWCASE # 1,de467c3a-f59e-4e7f-9232-7007efd5de6c,,
g151203,2015-12-03,Brooklyn Club,2bb0d22a-6662-42e9-a194-709a9958fbd6,Moscow,Russia,,68b269e3-13ef-46c1-9131-ff802379ce76,,
g151205,2015-12-05,Sergey Kuryokhin Center for Modern Art,72eb1cee-6f16-42ce-adc1-8ac515452a2f,Saint-Petersburg,Russia,SKIF 19,0aa31f99-064b-4c23-9ef9-329008d6739b,,
g160107,2016-01-07,Mod,5ab453ed-3047-4229-bc85-c60142d6998c,Saint-Petersburg,Russia,,625fce1e-24f2-4a0e-b994-d21e04c2f5e8,,
g160319,2016-03-19,16 Tons,7e9afe9d-e59c-49d5-a09e-d1b20eff892d,Moscow,Russia,,71acbe31-bd01-46a2-b1fc-eaef7c0b7529,,
g160324,2016-03-24,XXXX,96d6de3e-853d-4c50-b96a-350dc9599896,Saint-Petersburg,Russia,,2bc55638-2281-4102-8d5c-d654b5163a2e,,
g160423,2016-04-23,Sady Babilona,c4b4f242-a839-496d-a81e-f3550d51db49,Moscow,Russia,,9f46f920-6a7a-4bbc-a877-0785940c1fe2,,
g160424,2016-04-24,BU,f026bcd4-69bd-4f45-9444-20971abcd477,Nizhniy Novgorod,Russia,,106e0662-1ec5-4d62-b445-ce5c403790b0,,
g160429,2016-04-29,New Bar,2720a394-88c0-4391-bd45-908624d88d6a,Yekaterinburg,Russia,,73dd2f6d-5033-491f-8181-df45cbb47ccb,,
g160430,2016-04-30,Sol,4586359a-b816-408b-b543-7ef60cf47e20,Kazan,Russia,,0ba830df-b91b-4578-b4dd-d06fd975e782,,
g160501,2016-05-01,Dom Cultury,8f20e9a1-63a0-4356-9589-51eb474341df,Perm,Russia,,62898fb9-186b-4b24-b229-be0f316e3bcf,,
g160612,2016-06-12,The Place,5cf42ad9-ef8f-4590-83dd-89659c937436,Saint-Petersburg,Russia,Electric Trim Fest,07d4f59c-a960-4e22-adf3-2fef87cea1f1,,
g160617,2016-06-17,16 Tons,7e9afe9d-e59c-49d5-a09e-d1b20eff892d,Moscow,Russia,,f5d1769c-eb6b-4007-a82b-96f178713a00,,
g160618,2016-06-18,Ionoteka,1592b2f8-74ea-443b-9071-561b056723c0,Saint-Petersburg,Russia,Ionosfear no 33,b182434a-2409-4377-a780-231c2866cbda,,
g160702,2016-07-02,Elagin Park,cc0aa8fb-4d5c-47bc-a420-7de1cf8cff6f,Saint-Petersburg,Russia,Stereoleto 2016,412767b9-2035-4eff-bf89-338d872bab2f,,
g160813,2016-08-13,DOT,bc1195e9-df38-4780-8ce9-9e2659fd20d6,Saint-Petersburg,Russia,Post-fest 2016,2191a60f-5057-4332-a940-dc5a68b6e50d,,
g160902,2016-09-02,Mezzanine,,Kiev,Ukraine,,,,
g160903,2016-09-03,Stara Fortetsya,,Kamianets-Podilskyi,Ukraine,Respublica 2016,,,
g160904,2016-09-04,L'uft Underground Club,,Lviv,Ukraine,,,,
g160906,2016-09-06,Klub CH25,,Warsaw,Poland,,,,
g160908,2016-09-08,Klubovna Dejvice,,Prague,Czech Republic,,,,
g160909,2016-09-09,Tiefgrund,,Berlin,Germany,,,,
g160911,2016-09-11,DOOR,,Dordrecht,Netherlands,,,,
g160913,2016-09-13,De Gym,,Groningen,Netherlands,,,,
g160914,2016-09-14,Loophole,7aa7e5bf-54dc-4e52-b350-7f9c1c210fb2,Berlin,Germany,,,,
g160916,2016-09-16,,,Katowice,Poland,,,,
g160917,2016-09-17,Autograf Klub,,Wrocław,Poland,,,,
g160918,2016-09-18,Bar Hooligan,,Minsk,Belarus,,,,
g161014,2016-10-14,,,Moscow,Russia,Mercedes-Benz Fashion Week,,,
g161102,2016-11-02,16 Tons,7e9afe9d-e59c-49d5-a09e-d1b20eff892d,Moscow,Russia,XVII Golden Gargoyle Award Ceremony,,,
g161105,2016-11-05,16 Tons,7e9afe9d-e59c-49d5-a09e-d1b20eff892d,Moscow,Russia,,9b393a2d-28a5-4984-8084-feae5dec8610,,
g161112,2016-11-12,Erarta Stage,a5c17802-82d3-4074-a7ed-e432ef11313f,Saint-Petersburg,Russia,Rave in the Museum,ccbadb55-08f2-47d9-8a5e-6e6667c7184b,,
g170309,2017-03-09,Kosmonavt,,Saint-Petersburg,Russia,,,,
g170331,2017-03-31,Nabaklab,,Riga,Latvia,,,,
g170526,2017-05-26,Bar Hooligan,,Minsk,Belarus,,,,
g170527,2017-05-27,Atlas,,Kiev,Ukraine,Icecream Festival 2017,,,
g170528,2017-05-28,Rafinad Strip Club,88a8bcd3-d18e-43d9-9bd2-7694e4b29826,Lviv,Ukraine,,7bbe3c3c-0bf9-4205-923c-ccaa0f7be620,,
g170530,2017-05-30,Shkaf Club,,Odessa,Ukraine,,,,
g170601,2017-06-01,Art-Area DK,,Kharkiv,Ukraine,,,,
g170602,2017-06-02,Aglomerat,d2d4cfd3-dd5c-4ffe-9bc4-715f0376bfb3,Moscow,Russia,,4f09f36d-d5bd-486a-b6bd-1c5aa18fccf1,,
g170610,2017-06-10,Berthold Center,,Saint-Petersburg,Russia,Berthold Music Fest,,,
g170708,2017-07-08,Pravda,,Moscow,Russia,Bol' 2017,,,
g170810,2017-08-10,DOT,bc1195e9-df38-4780-8ce9-9e2659fd20d6,Saint-Petersburg,Russia,,,,
g170831,2017-08-31,A2,fd52cd06-8711-4816-be8a-5f0bfdf29278,Saint-Petersburg,Russia,,f50c7f8a-90b8-4b53-bf72-1edfd4be2d1d,,
g170902,2017-09-02,Closer,,Kiev,Ukraine,,,,
g170903,2017-09-03,Stara Fortetsya,,Kamianets-Podilskyi,Ukraine,Respublica 2017,,,
g170905,2017-09-05,AZ Fredra.61,,Lviv,Ukraine,,,,
g170907,2017-09-07,BARdzo bardzo,e4f1f4c7-fadf-4aba-80e9-bc74c2a3ce35,Warsaw,Poland,,,,
g170909,2017-09-09,Robot,,Budapest,Hungary,,,,
g170916,2017-09-16,Bastion Pregel,,Kaliningrad,Russia,,,,
g170917,2017-09-17,Klubs Depo,,Riga,Latvia,,,,
g171022,2017-10-22,Club Gorod,,Moscow,Russia,,,,
g171112,2017-11-12,Erarta Stage,a5c17802-82d3-4074-a7ed-e432ef11313f,Saint-Petersburg,Russia,,,,
g171215,2017-12-15,Kantine am Berghain,df8f94bf-2773-4a13-87f0-d067c389cab3,Berlin,Germany,,,,
g180119,2018-01-19,NZB Bar,,Voronezh,Russia,,,,
g180120,2018-01-20,Stechkin Bar,,Tula,Russia,,,,
g180121,2018-01-21,Srebrianaya Fabrika,,Kursk,Russia,,,,
g180127,2018-01-27,Opera Concert Club,492b993b-39ea-4c24-af83-e055ff4dd582,Saint-Petersburg,Russia,,,,
g180201,2018-02-01,Gala Hala,,Ljubljana,Slovenia,MENT 2018,,,
g180210,2018-02-10,16 Tons,7e9afe9d-e59c-49d5-a09e-d1b20eff892d,Moscow,Russia,,1de4a16e-cce9-4c62-bfa1-99e5579f50e1,,
g180303,2018-03-03,KPD,d4ea6c3c-7f5f-4aff-aa23-0a12cee35609,Saint-Petersburg,Russia,,,,
g180323,2018-03-23,Cherdak Dushi,,Nizhniy Novgorod,Russia,,,,
g180324,2018-03-24,Sol,4586359a-b816-408b-b543-7ef60cf47e20,Kazan,Russia,,,,
g180325,2018-03-25,SKLAD,,Vladimir,Russia,,,,
g180417,2018-04-17,RE:PUBLIC,dc3dc36e-f542-4d96-88de-8a14c5959214,Minsk,Belarus,,,,
g180419,2018-04-19,Hydrozagadka,573e86ae-dc2a-413a-ab87-79513ca50c4e,Warsaw,Poland,,,,
g180420,2018-04-20,,,Poznan,Poland,Spring Break Festival,,,
g180423,2018-04-23,Kantine am Berghain,df8f94bf-2773-4a13-87f0-d067c389cab3,Berlin,Germany,,,,
g180425,2018-04-25,Bastion Pregel,,Kaliningrad,Russia,,,,
g180513,2018-05-13,Aglomerat,d2d4cfd3-dd5c-4ffe-9bc4-715f0376bfb3,Moscow,Russia,,2630caaf-1564-4b3e-964b-23f925de0eeb,,
g180518,2018-05-18,Aurora Concert Hall,,Saint-Petersburg,Russia,,,,
g180525,2018-05-25,Closer,,Kiev,Ukraine,,,,
g180527,2018-05-27,Lisova Pisnya Gym,a82e8886-ec43-41ae-9dbd-ddfb14423546,Lviv,Ukraine,,ae5c5082-e8e0-4215-a2f5-af68539af912,,
g180610,2018-06-10,Kulturniy Centr ZIL,ba326f99-f3b9-42d9-a030-b7d5978588a3,Moscow,Russia,Bol' 2018,,,
g180614,2018-06-14,Komissarzhevskaya Theatre,,Saint-Petersburg,Russia,Ceremony for Sobaka.ru's Top 50 Most Famous People of St. Petersburg,,,
g180626,2018-06-26,,,Saint-Petersburg,Russia,FIFA Fan Fest 2018,,,
g180629,2018-06-29,,,Lärz,Germany,Fusion Festival,,,
g180708,2018-07-08,Cud na Wisla,,Warsaw,Poland,,,,
g180710,2018-07-10,Kantine,,Nuremberg,Germany,,,,
g180712,2018-07-12,,,Lausannne,Switzerland,Festival de la Cité,,,
g180713,2018-07-13,Ono2,,Frankfurt,Germany,,,,
g180714,2018-07-14,,,Dordrecht,Netherlands,Big Rivers Festival,,,
g180715,2018-07-15,Valkhofpark,,Nijmegen,Netherlands,Valkhof Festival 2018,,,
g180717,2018-07-17,Worm,,Rotterdam,Netherlands,,,,
g180718,2018-07-18,OCCII,,Amsterdam,Netherlands,,,,
g180720,2018-07-20,De Groene Ster,,Leeuwarden,Netherlands,Welcome to The Village 2018,,,
g180721,2018-07-21,Kult41,,Bonn,Germany,,,,
g180722,2018-07-22,Moertelwerk,,Leipzig,Germany,,,,
g180803,2018-08-03,Dolina Trzech Stawów,08e67535-7b05-4901-8004-5ec6233528c0,Katowice,Poland,OFF Festival,,,
g180804,2018-08-04,,,Rylyaki,Russia,Potok Festival,,,
g180809,2018-08-09,,,Haldern,Germany,Haldern Pop Festival 2018,,,
g180811,2018-08-11,Ezeraicio Forest,,Valkininkai,Lithuania,Yaga Gathering: Shapeshifting 2018,,,
g180817,2018-08-17,,,Berlin,Germany,Pop-Kultur Berlin,,,
g180825,2018-08-25,Jardim Luís de Camões,,Leiria,Portugal,Entremuralhas Festival,,,
g180921,2018-09-21,,,Narva,Estonia,Station Narva Festival,,,
g181027,2018-10-27,Oktava,,Tula,Russia,,,,
g181110,2018-11-10,Zhytnii Rynok,,Kiev,Ukraine,,,,
g181117,2018-11-17,Refinery Gallery,,Bratislava,Slovakia,Koncert pre všímavých,,,
g181208,2018-12-08,Teatro Comunale Bologna,aaae577e-5954-4d61-8367-4f49b368b6f5,Bologna,Italy,Europavox Bologna 2018,,,
g181216,2018-12-16,Station Hall,,Moscow,Russia,,,,
g181220,2018-12-20,Kosmonavt,,Saint-Petersburg,Russia,,,,
g190123,2019-01-23,Var lokal,,Gnesta,Sweden,,,,
g190124,2019-01-24,Skjul Fyra Sex,,Gothenburg,Sweden,,,,
g190125,2019-01-25,1000FRYD,,Aalborg,Denmark,Northern Winter Beat,,,
g190126,2019-01-26,Spillestedet Stengade,3bfb8197-3916-4902-b164-3d76c273cbef,Copenhagen,Denmark,,,,
g190128,2019-01-28,Hafenklang,fb14c4bc-60ce-4419-97de-edd194d1be23,Hamburg,Germany,,,,
g190129,2019-01-29,Sonic Ballroom,,Cologne,Germany,,,,
g190131,2019-01-31,D.K. Luksus,cd7d4410-e6dd-4b5b-bfdf-fdda37e96011,Wrocław,Poland,,,,
g190201,2019-02-01,Chmury,,Warsaw,Poland,,,,
g190202,2019-02-02,Kirtim Kultros Centras,,Vilnius,Lithuania,,,,
g190315,2019-03-15,Michurin,,Perm,Russia,,,,
g190316,2019-03-16,MANSART,,Chelyabinsk,Russia,,,,
g190317,2019-03-17,Svoboda,,Yekaterinburg,Russia,,,,
g190321,2019-03-21,Podzemka,,Novosibirsk,Russia,,,,
g190324,2019-03-24,Bunker,,Novokuznetsk,Russia,,,,
g190325,2019-03-25,The Mods Bar,,Krasnoyark,Russia,,,,
g190420,2019-04-20,Gazprom Arena,,Saint-Petersburg,Russia,Zenit-Krasnodar match,,,
g190425,2019-04-25,Hydrozagadka,573e86ae-dc2a-413a-ab87-79513ca50c4e,Warsaw,Poland,,,,
g190426,2019-04-26,Urban Spree,a0b46552-950a-446a-bd89-d64a1c377653,Berlin,Germany,,,,
g190427,2019-04-27,Café V Lese,,Prague,Czech Republic,,,,
g190428,2019-04-28,,,Krems,Austria,Donaufestival 2019,,,
g190501,2019-05-01,Merleyn,17ff6f0e-5f78-4774-a8b8-dd31fa33124a,Nijmegen,Netherlands,,,,
g190503,2019-05-03,OT301,ecde5030-5916-4c21-af19-8db6254b337e,Amsterdam,Netherlands,,,,
g190504,2019-05-04,Moth Club,601aa7d2-c31d-4a0a-8119-0e88b15a3f80,London,United Kingdom,,a03b0357-a929-4187-89c5-e22f35f37c6c,,
g190505,2019-05-05,HANGAR 34,129ab655-16f1-4416-a4ab-5f4018f2f3dd,Liverpool,United Kingdom,Liverpool Sound City,bb112987-55f9-4912-b6b4-889ce9c8a254,,
g190507,2019-05-07,Yes,fa8196b4-b094-4036-bd70-6897d7dae50a,Manchester,United Kingdom,,,,
g190508,2019-05-08,Chameleon Arts Café,8cc26784-f1c6-4127-aebd-c46f86bcda55,Nottingham,United Kingdom,,,,
g190509,2019-05-09,Horatio's,54520238-236c-4491-8a76-4d91c23087c4,Brighton,United Kingdom,The Great Escape,,,
g190510,2019-05-10,Green Door Store,5f6c58b1-e0c1-4c30-b780-b350c1a4fc9a,Brighton,United Kingdom,The Great Escape,,,
g190513,2019-05-13,LOCH,c067282f-a418-49e4-980d-8f952ec32570,Wuppertal,Germany,,,,
g190515,2019-05-15,Vagonka,8861d5d9-1f77-4612-b9bc-935eeeaf7285,Kaliningrad,Russia,,,,
g190516,2019-05-16,One One,,Riga,Latvia,,,,
g190517,2019-05-17,On the Rocks,200c6d4b-f6be-4b3f-990f-5560b4db013b,Helsinki,Finland,Tusovka 20,,,
g190523,2019-05-23,A2,fd52cd06-8711-4816-be8a-5f0bfdf29278,Saint-Petersburg,Russia,,c66d5588-4806-4705-9796-a2ddea6d09a7,,
g190526,2019-05-26,GlavClub Green Concert,b8f0b43c-cf25-488f-bb26-787819da6282,Moscow,Russia,,,,
g190607,2019-06-07,National Circus of Ukraine,,Kiev,Ukraine,,,,
g190609,2019-06-09,Art-Factory Mechanica,,Kharkiv,Ukraine,,,,
g190615,2019-06-15,Vasileostrovsky Market,,Saint-Petersburg,Russia,Esquire Weekend 2019,,,
g190623,2019-06-23,,,Vladivostok,Russia,V-ROX EXPO 2019,,,
g190628,2019-06-28,,,Yekaterinburg,Russia,Ural Music Night 2019,,,
g190629,2019-06-29,,,Aleksin,Russia,Dikaya Myata (Wild Mint) 2019,,,
g190706,2019-07-06,Sevkabel Port,,Saint-Petersburg,Russia,Stereoleto 2019,,,
g190707,2019-07-07,Kulturniy Centr ZIL,ba326f99-f3b9-42d9-a030-b7d5978588a3,Moscow,Russia,Bol' 2019,,,
g190711,2019-07-11,Dainuvos slėnis,,Anykščiai,Lithuania,Devilstone 2019,,,
g190713,2019-07-13,,,Trenčín,Slovakia,Pohoda Festival 2019,,,
g190717,2019-07-17,,,Dresden,Germany,Schaubuden Sommer Festival,,,
g190718,2019-07-18,,,Dresden,Germany,Schaubuden Sommer Festival,,,
g190727,2019-07-27,,,Nizhniy Novgorod,Russia,Clear Water Rock 2019,,,
g190728,2019-07-28,,,Moscow,Russia,Forma Festival 2019,,,
g190804,2019-08-04,,,Golubitskaya,Russia,Taman Festival 2019,,,
g190809,2019-08-09,Jao Dacha,,Pereslavl-Zalessky,Russia,Jao Da!Cha Festival 2019,,,
g190811,2019-08-11,Jao Dacha,,Pereslavl-Zalessky,Russia,Jao Da!Cha Festival 2019,,,
g190814,2019-08-14,adidas Originals Moscow Flagship Store,,Moscow,Russia,,,,
g190818,2019-08-18,,,Sochi,Russia,Live Fest 2019,,,
g190824,2019-08-24,,,Kiev,Ukraine,Brave! Factory Festival 2019,,,
g190825,2019-08-25,Gogol School,,Moscow,Russia,,,,
g190910,2019-09-10,Sveta Baar,,Tallinn,Estonia,,,,
g190911,2019-09-11,Melnā Piektdiena,,Riga,Latvia,,,,
g190913,2019-09-13,,,Lodz,Poland,Four Cultures Festival 2019,,,
g190914,2019-09-14,,,Vilnius,Lithuania,Loftas Fest '19,,,
g190916,2019-09-16,Festsaal Kreuzberg,b919bbf7-e5c1-4b47-b607-accc35efddd8,Berlin,Germany,,,,
g190917,2019-09-17,Garage Museum of Contemporary Art,,Moscow,Russia,Vedomosti 20th anniversary,,,
g190920,2019-09-20,,,Hamburg,Germany,Reeperbahn Festival 2019,,,
g190924,2019-09-24,DAS BETT,89d8bae5-fae3-4f4e-a145-512f189603f0,Frankfurt,Germany,,,,
g190926,2019-09-26,,,Vienna,Austria,Waves Vienna Festival,,,
g190927,2019-09-27,Kino siska,4f82da2d-30e8-4582-9b1a-72a08e0dbdf8,Ljubljana,Slovenia,,,,
g190928,2019-09-28,Klub Močvara,,Zagreb,Croatia,,,,
g190929,2019-09-29,Dürer Kert,,Budapest,Hungary,,,,
g191017,2019-10-17,GUM Demonstration Hall,,Moscow,Russia,Burberry Flagship Store Opening,,,
g191026,2019-10-26,,,Kaltern am See/Caldaro al Lago,Italy,Kaltern Pop Festival 2019,,,
g191108,2019-11-08,,,Brussels,Belgium,FiftyFifty Lab,,,
g191109,2019-11-09,,,Utrecht,Netherlands,Le Guess Who? 2019,,,
g191116,2019-11-16,Yubileyny Sports Palace,8b45dc92-803d-4e88-9f5c-d55f1781e200,Saint-Petersburg,Russia,,,,
g191121,2019-11-21,Adrenaline Stadium,113f76b3-efe3-4386-b949-503d98627c45,Moscow,Russia,,bea1cb0a-3b23-424f-bcd3-fbc9e36896c4,,
g191206,2019-12-06,,,Rennes,France,Trans Musicales 2019,,,
g200109,2020-01-09,,,Bali,Indonesia,Signal Asia,,,
g200118,2020-01-18,HELLERAU,,Dresden,Germany,Karussell Festival,,,
g200207,2020-02-07,,,The Hague,Netherlands,Grauzone Festival 2020,,,
g200222,2020-02-22,,,Leiden,Netherlands,Peel Slowly and See 2020,,,
g200529,2020-05-29,Proxima,1b50f9ca-afc7-48ad-ba4b-0e67e300fb94,Warsaw,Poland,,,Cancelled,"Rescheduled as g210531, due to COVID-19"
g200601,2020-06-01,MS Stubnitz,,Hamburg,Germany,,,Cancelled,COVID-19
g200602,2020-06-02,Melkweg,0c48200f-1ac7-4147-b891-4a021990af45,Amsterdam,Netherlands,,,Cancelled,"Rescheduled as g210608, due to COVID-19"
g200604,2020-06-04,Botanique,9fe4e083-a684-4c1f-9cda-716b994c2fcf,Brussels,Belgium,,,Cancelled,"Rescheduled as g210614, due to COVID-19"
g200606,2020-06-06,,,Porto,Portugal,Serralves em Festa,,Cancelled,COVID-19
g200609,2020-06-09,Belgrave Music Hall & Canteen,10691db3-debe-42b0-be7c-776a406563ea,Leeds,United Kingdom,,,Cancelled,COVID-19
g200615,2020-06-15,GLAZART,59fa67e2-b7b5-4908-a4fb-84caad3882a0,Paris,France,,,Cancelled,"Rescheduled as g210616, due to COVID-19"
g200617,2020-06-17,La Bulle Café,,Lille,France,,,Cancelled,"Rescheduled as g210615, due to COVID-19"
g200619,2020-06-19,Schlachthof Wiesbaden,dae75ab9-a6f1-4223-af0c-1b12f90d39fd,Wiesbaden,Germany,,,Cancelled,COVID-19
g200620,2020-06-20,La Laiterie Artefact,a181b85e-abf5-4078-b62d-d4d71d264627,Strasbourg,France,,,Cancelled,"Rescheduled to g210618, due to COVID-19"
g200621,2020-06-21,Caves du Manoir,,Martigny,Switzerland,,,Cancelled,COVID-19
g200623,2020-06-23,Bad Bonn,,Dudingen,Switzerland,,,Cancelled,COVID-19
g200801,2020-08-01,Barby,,Tel Aviv,Israel,,,Cancelled,"Rescheduled to 2021-09-02, due to COVID-19"
g200822,2020-08-22,Nikola-Lenivets,,Kaluga Oblast,Russia,Signal 2020,,,
g200829,2020-08-29,,,Tallinn,Estonia,Tallinn Music Week,,Cancelled,COVID-19
g200912,2020-09-12,K-30,,Saint Petersburg,Russia,Present is Perfect,,,
g201114,2020-11-14,A2,fd52cd06-8711-4816-be8a-5f0bfdf29278,Saint-Petersburg,Russia,,,Cancelled,"Rescheduled to g210520, due to COVID-19"
g201125,2020-11-25,Adrenaline Stadium,113f76b3-efe3-4386-b949-503d98627c45,Moscow,Russia,,,Cancelled,"Rescheduled to g210515, due to COVID-19"
g210213,2021-02-13,Yeltsin Center,5b0fd79d-95c2-48f9-82d3-a2f2a629f41a,Yekaterinburg,Russia,Now/Open Showcase Festival,,,
g201104,2021-03-19,Prime Hall,,Minsk,Belarus,,,TBD,
g201011,2021-04-14,Podzemka,,Novosibirsk,Russia,,,,
g201009,2021-04-15,МТБЦ «Пилот»,,Krasnoyarsk,Russia,,,,
g201010,2021-04-17,РайON,,Tomsk,Russia,,,,
g201013,2021-04-18,Ресторан Paulaner Brauhaus,,Novokuznetsk,Russia,,,,
g201015,2021-04-20,ANGAR,,Omsk,Russia,,,,
g201018,2021-04-21,YesRockClub,,Tyumen,Russia,,,,
g210423,2021-04-23,Svoboda,,Perm,Russia,,,,
g201020,2021-04-24,Svoboda,,Yekaterinburg,Russia,,,,
g201021,2021-04-25,OZZ CONCERT club,,Chelyabinsk,Russia,,,,
g201023,2021-04-27,Club XI,,Ufa,Russia,,,,
g201026,2021-04-29,Zvezda,,Samara,Russia,,,,
g201027,2021-04-30,Werk,,Kazan,Russia,,,,
g201029,2021-05-01,Premio Centre,,Nizhny Novgorod,Russia,,,,
g201030,2021-05-02,Kitayskiy Letchik Dzhao Da,,Yaroslavl,Russia,,,,
g200930,2021-05-04,Backstage,,Tula,Russia,,,Rescheduled,Rescheduled to g210602
g201001,2021-05-06,Arena Hall,,Voronezh,Russia,,,Rescheduled,Rescheduled to g210602
g201002,2021-05-07,КРОП ARENA,,Rostov-on-Don,Russia,,,Rescheduled,Rescheduled to g210605
g201003,2021-05-08,КРОП ARENA,,Krasnodar,Russia,,,Rescheduled,Rescheduled to g210606
g210515,2021-05-15,Adrenaline Stadium,113f76b3-efe3-4386-b949-503d98627c45,Moscow,Russia,,,,
g210520,2021-05-20,A2,fd52cd06-8711-4816-be8a-5f0bfdf29278,Saint-Petersburg,Russia,,,,Rescheduled from g201114
g210531,2021-05-31,Proxima,1b50f9ca-afc7-48ad-ba4b-0e67e300fb94,Warsaw,Poland,,,,
g210602,2021-06-02,Backstage,,Tula,Russia,,,,
g210604,2021-06-04,Arena Hall,,Voronezh,Russia,,,,
g210605,2021-06-05,КРОП ARENA,,Rostov-on-Don,Russia,,,,
g210606,2021-06-06,КРОП ARENA,,Krasnodar,Russia,,,,
g210608,2021-06-08,Melkweg,0c48200f-1ac7-4147-b891-4a021990af45,Amsterdam,Netherlands,,,Cancelled,Cancellation announced on FB event page on 2021-05-06
g210614,2021-06-14,Botanique,9fe4e083-a684-4c1f-9cda-716b994c2fcf,Brussels,Belgium,,,,
g210615,2021-06-15,La Bulle Café,,Lille,France,,,Cancelled,Cancellation announced on FB event page on 2021-05-06
g210616,2021-06-16,GLAZART,59fa67e2-b7b5-4908-a4fb-84caad3882a0,Paris,France,,,Cancelled,Cancellation announced on FB event page on 2021-05-06
g210618,2021-06-18,La Laiterie Artefact,a181b85e-abf5-4078-b62d-d4d71d264627,Strasbourg,France,,,Cancelled,"From venue event page: ""Suite à la crise sanitaire et à l’annulation de la tournée du groupe, le concert de SHORTPARIS prévu le 18 juin 2021 est ANNULÉ."""
g210627,2021-06-27,Zelyony Island,,Lipetsk,Russia,Fox Rock Fest 2021,,,
g210702,2021-07-02,Plovdiv Rowing Channel,,Plovdiv,Bulgaria,Wrong Fest 2021,,,Exact date TBD
g210703,2021-07-03,Sevkabel Port,,Saint Petersburg,Russia,St. Fields,,,Exact Date TBD
g210708,2021-07-08,VDNG,,Kiev,Ukraine,Atlas Weekend,,,
g210723,2021-07-23,Football Stadium Za Lužánkami,,Brno,Czech Republic,Pop Messe 2021,,,Exact date TBD
g210807,2021-08-07,Jao Dacha,,Pereslavl-Zalessky,Russia,Lyotchik Fest 2021,,,
g210826,2021-08-26,Youth Cultural Center,,Skopje,North Macedonia,Zdravo Mladi 2021,,,
g210902,2021-09-02,Barby,,Tel Aviv,Israel,,,,